reaction_id,reaction_formula,flux,original_standard_dg_prime,standard_dg_prime,physiological_dg_prime,optimized_dg_prime,shadow_price
glk,atp + glc = adp + g6p,1.0 dimensionless,-22.531522177174907 kilojoule / mole,-22.48029464687222 kilojoule / mole,-22.48029464687222 kilojoule / mole,-26.077790708646887 kilojoule / mole,0.0
pgi,g6p = f6p,1.0 dimensionless,2.6625474910579783 kilojoule / mole,2.6982547690216125 kilojoule / mole,2.6982547690216125 kilojoule / mole,-7.47738666093448 kilojoule / mole,0.0
pfk,atp + f6p = adp + fbp,1.0 dimensionless,-20.83358175541133 kilojoule / mole,-20.541031800985863 kilojoule / mole,-20.541031800985863 kilojoule / mole,-8.003901293669864 kilojoule / mole,0.0
fba,fbp = dhap + g3p,1.0 dimensionless,24.042269039866397 kilojoule / mole,23.315687372327666 kilojoule / mole,6.200849837606632 kilojoule / mole,-4.789780778275433 kilojoule / mole,0.125
tpi,dhap = g3p,1.0 dimensionless,5.615869798610646 kilojoule / mole,4.862813440363194 kilojoule / mole,4.862813440363194 kilojoule / mole,-4.7897807782747766 kilojoule / mole,0.125
gap,g3p + nad + pi = bpg + nadh,2.0 dimensionless,-0.9052422461268463 kilojoule / mole,-1.436330120460499 kilojoule / mole,15.678507414260535 kilojoule / mole,-4.789780777725464 kilojoule / mole,0.25
pgk,adp + bpg = 3pg + atp,2.0 dimensionless,-19.055097833663694 kilojoule / mole,-18.571770924645815 kilojoule / mole,-18.571770924645815 kilojoule / mole,-5.433732914220073 kilojoule / mole,0.0
gpm,3pg = 2pg,2.0 dimensionless,4.560172068989004 kilojoule / mole,4.624530621937769 kilojoule / mole,4.624530621937769 kilojoule / mole,-5.286839549280062 kilojoule / mole,0.0
eno,2pg = h2o + pep,2.0 dimensionless,-3.764242131064748 kilojoule / mole,-3.725309753182661 kilojoule / mole,-3.725309753182661 kilojoule / mole,-5.496580338014364 kilojoule / mole,0.0
pyk,adp + pep = atp + pyr,2.0 dimensionless,-22.553526805402257 kilojoule / mole,-22.486378541868714 kilojoule / mole,-22.486378541868714 kilojoule / mole,-11.815273759594698 kilojoule / mole,0.0
pfor,coa + 2 fdox + pyr = accoa + co2 + 2 fdred,2.0 dimensionless,-21.580326883058774 kilojoule / mole,-19.81829327902534 kilojoule / mole,-19.81829327902534 kilojoule / mole,-15.259279646365222 kilojoule / mole,0.0
fnorp,2 fdred + nadp = 2 fdox + nadph,2.0 dimensionless,-13.122681093047277 kilojoule / mole,-12.591517694113689 kilojoule / mole,-12.591517694113689 kilojoule / mole,-10.926188846166285 kilojoule / mole,0.0
aldh,accoa + nadh = acald + coa + nad,2.0 dimensionless,22.13966693289757 kilojoule / mole,17.377536651711292 kilojoule / mole,0.26269911699025794 kilojoule / mole,-4.789780777725803 kilojoule / mole,0.25
adhp,acald + nadph = etoh + nadp,2.0 dimensionless,-15.972893567355953 kilojoule / mole,-16.677264803912944 kilojoule / mole,-16.677264803912944 kilojoule / mole,-4.789780777725754 kilojoule / mole,0.25
