compound_id,concentration_in_molar,lower_bound_in_molar,upper_bound_in_molar,shadow_price,concentration_in_mM,lower_bound_in_mM,upper_bound_in_mM
glc,0.01000000000000053,0.01,0.01,-0.0,10.00000000000053,10.0,10.0
atp,0.00016324806473513238,0.0001,0.01,-0.0,0.16324806473513237,0.1,10.0
g6p,0.0022754275294038897,1e-06,0.01,0.0,2.2754275294038897,0.001,10.0
adp,0.00010000000000005072,0.0001,0.0001,0.0,0.10000000000005071,0.1,0.1
f6p,5.0724572413739696e-05,1e-06,0.01,-0.0,0.0507245724137397,0.001,10.0
fbp,0.009999999998734554,1e-06,0.01,0.41294,9.999999998734554,0.001,10.0
dhap,0.002395487383641736,1e-06,0.01,0.0,2.395487383641736,0.001,10.0
g3p,0.0001315771225268401,1e-06,0.01,0.0,0.1315771225268401,0.001,10.0
pi,0.010000000000120132,0.01,0.01,0.82588,10.000000000120131,10.0,10.0
nad,9.999999999999246e-05,0.0001,0.0001,0.0,0.09999999999999246,0.1,0.1
nadh,7.632730679713146e-05,1e-06,0.01,-0.0,0.07632730679713146,0.001,10.0
bpg,1.000000000049925e-06,1e-06,0.01,-0.82588,0.001000000000049925,0.001,10.0
3pg,0.000147077088932453,1e-06,0.01,0.0,0.147077088932453,0.001,10.0
2pg,4.180064919326463e-06,1e-06,0.01,-0.0,0.004180064919326463,0.001,10.0
pep,2.4948572015803723e-06,1e-06,0.01,-0.0,0.0024948572015803723,0.001,10.0
h2o,0.9999999999993469,1.0,1.0,-0.0,999.9999999993469,1000.0,1000.0
pyr,4.236471299627741e-05,1e-06,0.01,-0.0,0.042364712996277414,0.001,10.0
acald,0.009999999999564363,1e-06,0.01,0.82588,9.999999999564363,0.001,10.0
co2,9.999999999996345e-07,1e-06,1e-06,0.0,0.0009999999999996344,0.001,0.001
etoh,1.9999999999761109,2.0,2.0,-0.82588,1999.999999976111,2000.0,2000.0
