etoh_gL,etoh_mM,mdf,nadh/nad,fdred/fdox,mode_id,name,nadph/nadp
0.1,2.1707,3.5876,0.2003,3.65,1,Tsac NADH ethanologen,
0.2727,5.92,3.1733,0.2798,3.4324,1,Tsac NADH ethanologen,
0.4455,9.6693,2.9707,0.3295,3.3271,1,Tsac NADH ethanologen,
0.6182,13.4186,2.8354,0.3676,3.2586,1,Tsac NADH ethanologen,
0.7909,17.1679,2.7336,0.399,3.208,1,Tsac NADH ethanologen,
0.9636,20.9172,2.652,0.4262,3.1679,1,Tsac NADH ethanologen,
1.1364,24.6666,2.584,0.4503,3.1349,1,Tsac NADH ethanologen,
1.3091,28.4159,2.5255,0.472,3.1068,1,Tsac NADH ethanologen,
1.4818,32.1652,2.4743,0.4919,3.0825,1,Tsac NADH ethanologen,
1.6545,35.9145,2.4288,0.5103,3.0609,1,Tsac NADH ethanologen,
1.8273,39.6638,2.3878,0.5275,3.0417,1,Tsac NADH ethanologen,
2.0,43.4131,2.3505,0.5436,3.0243,1,Tsac NADH ethanologen,
2.5,54.2664,2.2584,0.5856,2.9816,1,Tsac NADH ethanologen,
3.7342,81.0562,2.0927,0.6694,2.9064,1,Tsac NADH ethanologen,
4.9684,107.8459,1.9748,0.7363,2.854,1,Tsac NADH ethanologen,
6.2025,134.6357,1.8831,0.7928,2.8138,1,Tsac NADH ethanologen,
7.4367,161.4254,1.8082,0.8422,2.7813,1,Tsac NADH ethanologen,
8.6709,188.2152,1.7448,0.8865,2.7541,1,Tsac NADH ethanologen,
9.9051,215.005,1.6899,0.9267,2.7303,1,Tsac NADH ethanologen,
11.1392,241.7947,1.6414,0.9637,2.7095,1,Tsac NADH ethanologen,
12.3734,268.5845,1.598,0.998,2.691,1,Tsac NADH ethanologen,
13.6076,295.3742,1.5587,1.0301,2.6744,1,Tsac NADH ethanologen,
14.8418,322.164,1.5229,1.0604,2.6592,1,Tsac NADH ethanologen,
16.0759,348.9537,1.4899,1.089,2.6454,1,Tsac NADH ethanologen,
17.3101,375.7435,1.4593,1.1162,2.6326,1,Tsac NADH ethanologen,
18.5443,402.5332,1.4309,1.1421,2.6208,1,Tsac NADH ethanologen,
19.7785,429.323,1.4043,1.1669,2.6098,1,Tsac NADH ethanologen,
21.0127,456.1127,1.3793,1.1907,2.5995,1,Tsac NADH ethanologen,
22.2468,482.9025,1.3557,1.2136,2.5898,1,Tsac NADH ethanologen,
23.481,509.6923,1.3334,1.2356,2.5806,1,Tsac NADH ethanologen,
24.7152,536.482,1.3123,1.2569,2.572,1,Tsac NADH ethanologen,
25.9494,563.2718,1.2922,1.2775,2.5638,1,Tsac NADH ethanologen,
27.1835,590.0615,1.273,1.2974,2.556,1,Tsac NADH ethanologen,
28.4177,616.8513,1.2546,1.3167,2.5486,1,Tsac NADH ethanologen,
29.6519,643.641,1.2371,1.3355,2.5415,1,Tsac NADH ethanologen,
30.8861,670.4308,1.2202,1.3538,2.5347,1,Tsac NADH ethanologen,
32.1203,697.2205,1.2041,1.3716,2.5282,1,Tsac NADH ethanologen,
33.3544,724.0103,1.1885,1.389,2.5219,1,Tsac NADH ethanologen,
34.5886,750.8001,1.1735,1.4059,2.5159,1,Tsac NADH ethanologen,
35.8228,777.5898,1.159,1.4224,2.5102,1,Tsac NADH ethanologen,
37.057,804.3796,1.145,1.4386,2.5046,1,Tsac NADH ethanologen,
38.2911,831.1693,1.1315,1.4544,2.4992,1,Tsac NADH ethanologen,
39.5253,857.9591,1.1184,1.4698,2.494,1,Tsac NADH ethanologen,
40.7595,884.7488,1.1057,1.485,2.489,1,Tsac NADH ethanologen,
41.9937,911.5386,1.0934,1.4998,2.4841,1,Tsac NADH ethanologen,
43.2278,938.3283,1.0814,1.5143,2.4794,1,Tsac NADH ethanologen,
44.462,965.1181,1.0698,1.5286,2.4748,1,Tsac NADH ethanologen,
45.6962,991.9078,1.0585,1.5426,2.4704,1,Tsac NADH ethanologen,
46.9304,1018.6976,1.0475,1.5564,2.466,1,Tsac NADH ethanologen,
48.1646,1045.4874,1.0368,1.5699,2.4618,1,Tsac NADH ethanologen,
49.3987,1072.2771,1.0263,1.5832,2.4577,1,Tsac NADH ethanologen,
50.6329,1099.0669,1.0161,1.5963,2.4538,1,Tsac NADH ethanologen,
51.8671,1125.8566,1.0062,1.6092,2.4499,1,Tsac NADH ethanologen,
53.1013,1152.6464,0.9965,1.6218,2.4461,1,Tsac NADH ethanologen,
54.3354,1179.4361,0.987,1.6343,2.4424,1,Tsac NADH ethanologen,
55.5696,1206.2259,0.9777,1.6466,2.4388,1,Tsac NADH ethanologen,
56.8038,1233.0156,0.9686,1.6587,2.4353,1,Tsac NADH ethanologen,
58.038,1259.8054,0.9598,1.6706,2.4318,1,Tsac NADH ethanologen,
59.2722,1286.5951,0.9511,1.6824,2.4285,1,Tsac NADH ethanologen,
60.5063,1313.3849,0.9426,1.694,2.4252,1,Tsac NADH ethanologen,
61.7405,1340.1747,0.9342,1.7054,2.4219,1,Tsac NADH ethanologen,
62.9747,1366.9644,0.9261,1.7167,2.4188,1,Tsac NADH ethanologen,
64.2089,1393.7542,0.918,1.7278,2.4157,1,Tsac NADH ethanologen,
65.443,1420.5439,0.9102,1.7388,2.4127,1,Tsac NADH ethanologen,
66.6772,1447.3337,0.9025,1.7497,2.4097,1,Tsac NADH ethanologen,
67.9114,1474.1234,0.8949,1.7604,2.4068,1,Tsac NADH ethanologen,
69.1456,1500.9132,0.8875,1.771,2.4039,1,Tsac NADH ethanologen,
70.3797,1527.7029,0.8801,1.7815,2.4011,1,Tsac NADH ethanologen,
71.6139,1554.4927,0.873,1.7919,2.3984,1,Tsac NADH ethanologen,
72.8481,1581.2825,0.8659,1.8021,2.3957,1,Tsac NADH ethanologen,
74.0823,1608.0722,0.859,1.8122,2.3931,1,Tsac NADH ethanologen,
75.3165,1634.862,0.8522,1.8222,2.3905,1,Tsac NADH ethanologen,
76.5506,1661.6517,0.8454,1.8321,2.3879,1,Tsac NADH ethanologen,
77.7848,1688.4415,0.8388,1.8419,2.3854,1,Tsac NADH ethanologen,
79.019,1715.2312,0.8323,1.8516,2.3829,1,Tsac NADH ethanologen,
80.2532,1742.021,0.8259,1.8612,2.3805,1,Tsac NADH ethanologen,
81.4873,1768.8107,0.8196,1.8707,2.3781,1,Tsac NADH ethanologen,
82.7215,1795.6005,0.8134,1.8801,2.3757,1,Tsac NADH ethanologen,
83.9557,1822.3902,0.8073,1.8894,2.3734,1,Tsac NADH ethanologen,
85.1899,1849.18,0.8013,1.8986,2.3711,1,Tsac NADH ethanologen,
86.4241,1875.9698,0.7953,1.9077,2.3689,1,Tsac NADH ethanologen,
87.6582,1902.7595,0.7895,1.9168,2.3667,1,Tsac NADH ethanologen,
88.8924,1929.5493,0.7837,1.9257,2.3645,1,Tsac NADH ethanologen,
90.1266,1956.339,0.778,1.9346,2.3623,1,Tsac NADH ethanologen,
91.3608,1983.1288,0.7724,1.9434,2.3602,1,Tsac NADH ethanologen,
92.5949,2009.9185,0.7669,1.9521,2.3581,1,Tsac NADH ethanologen,
93.8291,2036.7083,0.7614,1.9607,2.3561,1,Tsac NADH ethanologen,
95.0633,2063.498,0.756,1.9693,2.354,1,Tsac NADH ethanologen,
96.2975,2090.2878,0.7507,1.9778,2.352,1,Tsac NADH ethanologen,
97.5316,2117.0775,0.7454,1.9862,2.3501,1,Tsac NADH ethanologen,
98.7658,2143.8673,0.7402,1.9945,2.3481,1,Tsac NADH ethanologen,
100.0,2170.6571,0.7351,2.0028,2.3462,1,Tsac NADH ethanologen,
0.1,2.1707,6.0229,0.028,15.8104,2,Tsac NADH+NADPH ethanologen,12.0537
0.2727,5.92,5.5257,0.0419,14.3011,2,Tsac NADH+NADPH ethanologen,14.7321
0.4455,9.6693,5.2826,0.051,13.6164,2,Tsac NADH+NADPH ethanologen,16.251
0.6182,13.4186,5.1202,0.0581,13.1774,2,Tsac NADH+NADPH ethanologen,17.3518
0.7909,17.1679,4.9981,0.0641,12.8567,2,Tsac NADH+NADPH ethanologen,18.2283
0.9636,20.9172,4.9002,0.0694,12.6052,2,Tsac NADH+NADPH ethanologen,18.9628
1.1364,24.6666,4.8185,0.0741,12.3991,2,Tsac NADH+NADPH ethanologen,19.5985
1.3091,28.4159,4.7484,0.0785,12.2249,2,Tsac NADH+NADPH ethanologen,20.1611
1.4818,32.1652,4.687,0.0825,12.0743,2,Tsac NADH+NADPH ethanologen,20.6671
1.6545,35.9145,4.6324,0.0862,11.9419,2,Tsac NADH+NADPH ethanologen,21.1279
1.8273,39.6638,4.5832,0.0897,11.8239,2,Tsac NADH+NADPH ethanologen,21.5517
2.0,43.4131,4.5384,0.093,11.7176,2,Tsac NADH+NADPH ethanologen,21.9445
2.5,54.2664,4.4278,0.1016,11.459,2,Tsac NADH+NADPH ethanologen,22.9461
3.7342,81.0562,4.229,0.1193,11.0084,2,Tsac NADH+NADPH ethanologen,24.8633
4.9684,107.8459,4.0875,0.1338,10.6985,2,Tsac NADH+NADPH ethanologen,26.3247
6.2025,134.6357,3.9776,0.1462,10.4637,2,Tsac NADH+NADPH ethanologen,27.5191
7.4367,161.4254,3.8877,0.1572,10.2755,2,Tsac NADH+NADPH ethanologen,28.5362
8.6709,188.2152,3.8116,0.1672,10.119,2,Tsac NADH+NADPH ethanologen,29.4261
9.9051,215.005,3.7456,0.1763,9.9852,2,Tsac NADH+NADPH ethanologen,30.2198
11.1392,241.7947,3.6874,0.1848,9.8686,2,Tsac NADH+NADPH ethanologen,30.9379
12.3734,268.5845,3.6354,0.1927,9.7655,2,Tsac NADH+NADPH ethanologen,31.595
13.6076,295.3742,3.5883,0.2002,9.6731,2,Tsac NADH+NADPH ethanologen,32.2015
14.8418,322.164,3.5452,0.2072,9.5895,2,Tsac NADH+NADPH ethanologen,32.7655
16.0759,348.9537,3.5057,0.214,9.5132,2,Tsac NADH+NADPH ethanologen,33.2932
17.3101,375.7435,3.469,0.2204,9.4431,2,Tsac NADH+NADPH ethanologen,33.7894
18.5443,402.5332,3.4349,0.2266,9.3782,2,Tsac NADH+NADPH ethanologen,34.258
19.7785,429.323,3.4029,0.2325,9.318,2,Tsac NADH+NADPH ethanologen,34.7023
21.0127,456.1127,3.373,0.2382,9.2618,2,Tsac NADH+NADPH ethanologen,35.125
22.2468,482.9025,3.3447,0.2437,9.2091,2,Tsac NADH+NADPH ethanologen,35.5283
23.481,509.6923,3.3179,0.249,9.1595,2,Tsac NADH+NADPH ethanologen,35.914
24.7152,536.482,3.2925,0.2541,9.1127,2,Tsac NADH+NADPH ethanologen,36.2838
25.9494,563.2718,3.2684,0.2591,9.0684,2,Tsac NADH+NADPH ethanologen,36.6392
27.1835,590.0615,3.2454,0.264,9.0263,2,Tsac NADH+NADPH ethanologen,36.9812
28.4177,616.8513,3.2234,0.2687,8.9864,2,Tsac NADH+NADPH ethanologen,37.3111
29.6519,643.641,3.2023,0.2733,8.9482,2,Tsac NADH+NADPH ethanologen,37.6297
30.8861,670.4308,3.1821,0.2778,8.9118,2,Tsac NADH+NADPH ethanologen,37.9379
32.1203,697.2205,3.1627,0.2822,8.877,2,Tsac NADH+NADPH ethanologen,38.2363
33.3544,724.0103,3.144,0.2865,8.8436,2,Tsac NADH+NADPH ethanologen,38.5257
34.5886,750.8001,3.126,0.2907,8.8115,2,Tsac NADH+NADPH ethanologen,38.8067
35.8228,777.5898,3.1086,0.2948,8.7806,2,Tsac NADH+NADPH ethanologen,39.0798
37.057,804.3796,3.0918,0.2988,8.751,2,Tsac NADH+NADPH ethanologen,39.3454
38.2911,831.1693,3.0756,0.3028,8.7223,2,Tsac NADH+NADPH ethanologen,39.6041
39.5253,857.9591,3.0599,0.3066,8.6947,2,Tsac NADH+NADPH ethanologen,39.8561
40.7595,884.7488,3.0446,0.3104,8.668,2,Tsac NADH+NADPH ethanologen,40.102
41.9937,911.5386,3.0299,0.3142,8.6422,2,Tsac NADH+NADPH ethanologen,40.342
43.2278,938.3283,3.0155,0.3178,8.6172,2,Tsac NADH+NADPH ethanologen,40.5763
44.462,965.1181,3.0016,0.3214,8.593,2,Tsac NADH+NADPH ethanologen,40.8054
45.6962,991.9078,2.988,0.325,8.5695,2,Tsac NADH+NADPH ethanologen,41.0295
46.9304,1018.6976,2.9748,0.3284,8.5467,2,Tsac NADH+NADPH ethanologen,41.2488
48.1646,1045.4874,2.9619,0.3319,8.5245,2,Tsac NADH+NADPH ethanologen,41.4635
49.3987,1072.2771,2.9494,0.3352,8.503,2,Tsac NADH+NADPH ethanologen,41.6738
50.6329,1099.0669,2.9372,0.3386,8.482,2,Tsac NADH+NADPH ethanologen,41.88
51.8671,1125.8566,2.9252,0.3419,8.4616,2,Tsac NADH+NADPH ethanologen,42.0822
53.1013,1152.6464,2.9136,0.3451,8.4417,2,Tsac NADH+NADPH ethanologen,42.2806
54.3354,1179.4361,2.9022,0.3483,8.4224,2,Tsac NADH+NADPH ethanologen,42.4753
55.5696,1206.2259,2.891,0.3514,8.4035,2,Tsac NADH+NADPH ethanologen,42.6666
56.8038,1233.0156,2.8802,0.3545,8.385,2,Tsac NADH+NADPH ethanologen,42.8544
58.038,1259.8054,2.8695,0.3576,8.367,2,Tsac NADH+NADPH ethanologen,43.0391
59.2722,1286.5951,2.8591,0.3606,8.3494,2,Tsac NADH+NADPH ethanologen,43.2206
60.5063,1313.3849,2.8489,0.3636,8.3323,2,Tsac NADH+NADPH ethanologen,43.3991
61.7405,1340.1747,2.8389,0.3665,8.3154,2,Tsac NADH+NADPH ethanologen,43.5747
62.9747,1366.9644,2.8291,0.3694,8.299,2,Tsac NADH+NADPH ethanologen,43.7475
64.2089,1393.7542,2.8194,0.3723,8.2829,2,Tsac NADH+NADPH ethanologen,43.9177
65.443,1420.5439,2.81,0.3752,8.2672,2,Tsac NADH+NADPH ethanologen,44.0852
66.6772,1447.3337,2.8008,0.378,8.2517,2,Tsac NADH+NADPH ethanologen,44.2503
67.9114,1474.1234,2.7917,0.3808,8.2366,2,Tsac NADH+NADPH ethanologen,44.4129
69.1456,1500.9132,2.7827,0.3835,8.2218,2,Tsac NADH+NADPH ethanologen,44.5731
70.3797,1527.7029,2.774,0.3862,8.2073,2,Tsac NADH+NADPH ethanologen,44.7311
71.6139,1554.4927,2.7654,0.3889,8.193,2,Tsac NADH+NADPH ethanologen,44.8869
72.8481,1581.2825,2.7569,0.3916,8.179,2,Tsac NADH+NADPH ethanologen,45.0406
74.0823,1608.0722,2.7486,0.3942,8.1653,2,Tsac NADH+NADPH ethanologen,45.1922
75.3165,1634.862,2.7404,0.3969,8.1518,2,Tsac NADH+NADPH ethanologen,45.3417
76.5506,1661.6517,2.7323,0.3994,8.1386,2,Tsac NADH+NADPH ethanologen,45.4894
77.7848,1688.4415,2.7244,0.402,8.1256,2,Tsac NADH+NADPH ethanologen,45.6351
79.019,1715.2312,2.7166,0.4046,8.1128,2,Tsac NADH+NADPH ethanologen,45.779
80.2532,1742.021,2.7089,0.4071,8.1002,2,Tsac NADH+NADPH ethanologen,45.9211
81.4873,1768.8107,2.7014,0.4096,8.0879,2,Tsac NADH+NADPH ethanologen,46.0615
82.7215,1795.6005,2.6939,0.412,8.0757,2,Tsac NADH+NADPH ethanologen,46.2002
83.9557,1822.3902,2.6866,0.4145,8.0638,2,Tsac NADH+NADPH ethanologen,46.3373
85.1899,1849.18,2.6793,0.4169,8.052,2,Tsac NADH+NADPH ethanologen,46.4727
86.4241,1875.9698,2.6722,0.4193,8.0404,2,Tsac NADH+NADPH ethanologen,46.6066
87.6582,1902.7595,2.6652,0.4217,8.029,2,Tsac NADH+NADPH ethanologen,46.7389
88.8924,1929.5493,2.6583,0.4241,8.0178,2,Tsac NADH+NADPH ethanologen,46.8698
90.1266,1956.339,2.6514,0.4264,8.0068,2,Tsac NADH+NADPH ethanologen,46.9992
91.3608,1983.1288,2.6447,0.4287,7.9959,2,Tsac NADH+NADPH ethanologen,47.1273
92.5949,2009.9185,2.638,0.431,7.9852,2,Tsac NADH+NADPH ethanologen,47.2539
93.8291,2036.7083,2.6315,0.4333,7.9746,2,Tsac NADH+NADPH ethanologen,47.3792
95.0633,2063.498,2.625,0.4356,7.9642,2,Tsac NADH+NADPH ethanologen,47.5032
96.2975,2090.2878,2.6186,0.4379,7.9539,2,Tsac NADH+NADPH ethanologen,47.6259
97.5316,2117.0775,2.6123,0.4401,7.9438,2,Tsac NADH+NADPH ethanologen,47.7474
98.7658,2143.8673,2.6061,0.4423,7.9338,2,Tsac NADH+NADPH ethanologen,47.8676
100.0,2170.6571,2.5999,0.4445,7.924,2,Tsac NADH+NADPH ethanologen,47.9866
